User,Activity Type,Start,Distance,Time,Avg Speed(Avg Pace),Max Speed(Best Pace),Elevation Gain,Calories,Avg HR,Max HR,Start_Formatted,
A,Running,"Thu, 21 Apr 2016 6:33 PM",4.34,38:03:00,08:46,05:04,80,507,NA,NA,21/04/2016 18:33,
A,Running,"Thu, 14 Apr 2016 6:32 PM",5.44,53:52:00,09:55,05:12,151,631,NA,NA,14/04/2016 18:32,
A,Running,"Thu, 7 Apr 2016 6:32 PM",5.54,52:20:00,09:26,05:38,79,645,NA,NA,07/04/2016 18:32,
A,Running,"Thu, 31 Mar 2016 5:36 PM",1.41,13:24,09:29,08:02,24,168,NA,NA,31/03/2016 17:36,
A,Running,"Tue, 15 Mar 2016 1:03 PM",1.02,06:41,06:33,07:28,6,86,NA,NA,15/03/2016 13:03,
A,Running,"Tue, 15 Mar 2016 12:34 PM",1.8,15:45,08:45,06:32,9,203,NA,NA,15/03/2016 12:34,
A,Running,"Thu, 10 Mar 2016 6:33 PM",7.12,01:10:34,09:55,04:32,188,821,NA,NA,10/03/2016 18:33,
A,Running,"Thu, 3 Mar 2016 6:42 PM",3.67,50:15:00,13:41,03:48,69,402,NA,NA,03/03/2016 18:42,
A,Running,"Thu, 25 Feb 2016 6:36 PM",5.22,45:22:00,08:41,04:21,114,617,NA,NA,25/02/2016 18:36,
A,Running,"Thu, 25 Feb 2016 5:39 PM",1.69,15:45,09:20,06:51,26,200,NA,NA,25/02/2016 17:39,
A,Running,"Thu, 18 Feb 2016 6:34 PM",7.35,01:12:26,09:51,03:16,113,849,NA,NA,18/02/2016 18:34,
A,Running,"Thu, 11 Feb 2016 6:32 PM",7.61,01:23:47,11:01,04:04,300,843,NA,NA,11/02/2016 18:32,
A,Running,"Sat, 6 Feb 2016 10:13 PM",1.28,27:09:00,21:16,16:43,174,106,NA,NA,06/02/2016 22:13,
A,Running,"Thu, 4 Feb 2016 8:13 PM",1.56,16:35,10:39,04:38,42,159,NA,NA,04/02/2016 20:13,
A,Running,"Thu, 4 Feb 2016 6:33 PM",5.61,01:07:25,12:01,04:17,61,604,NA,NA,04/02/2016 18:33,
A,Running,"Thu, 4 Feb 2016 5:35 PM",1.67,17:11,10:18,08:27,26,184,NA,NA,04/02/2016 17:35,
A,Running,"Thu, 28 Jan 2016 6:40 PM",5.89,01:00:13,10:14,04:00,82,668,NA,NA,28/01/2016 18:40,
A,Running,"Thu, 28 Jan 2016 5:12 PM",1.64,17:28,10:41,07:25,29,188,NA,NA,28/01/2016 17:12,
A,Running,"Thu, 21 Jan 2016 6:32 PM",6.16,01:00:27,09:49,07:39,59,705,NA,NA,21/01/2016 18:32,
A,Running,"Thu, 21 Jan 2016 5:45 PM",1.69,17:33,10:23,08:23,25,187,NA,NA,21/01/2016 17:45,
A,Running,"Tue, 19 Jan 2016 1:58 PM",1.95,19:09,09:51,07:09,58,221,NA,NA,19/01/2016 13:58,
A,Running,"Tue, 19 Jan 2016 1:07 PM",0.33,03:33,10:37,08:35,1,39,NA,NA,19/01/2016 13:07,
A,Running,"Tue, 19 Jan 2016 12:37 PM",2.1,20:11,09:36,07:27,10,223,NA,NA,19/01/2016 12:37,
A,Running,"Thu, 14 Jan 2016 6:33 PM",5.06,46:02:00,09:06,04:54,227,578,NA,NA,14/01/2016 18:33,
A,Running,"Thu, 14 Jan 2016 5:35 PM",1.66,16:43,10:03,08:03,29,188,NA,NA,14/01/2016 17:35,
A,Running,"Thu, 7 Jan 2016 6:33 PM",5.46,54:40:00,10:01,07:20,69,635,NA,NA,07/01/2016 18:33,
A,Running,"Thu, 7 Jan 2016 5:29 PM",1.65,15:04,09:07,06:22,27,191,NA,NA,07/01/2016 17:29,
A,Running,"Sun, 3 Jan 2016 10:15 AM",2.12,22:54,10:49,07:50,195,230,NA,NA,03/01/2016 10:15,
A,Hiking,"Fri, 1 Jan 2016 1:18 PM",1.96,44:42:00,22:50,12:02,30,163,NA,NA,01/01/2016 13:18,
A,Hiking,"Fri, 1 Jan 2016 10:30 AM",4.09,01:39:06,24:15:00,08:49,220,331,NA,NA,01/01/2016 10:30,
A,Trail Running,"Thu, 31 Dec 2015 10:17 AM",2.25,57:05:00,25:21:00,05:52,183,173,NA,NA,31/12/2015 10:17,
A,Hiking,"Wed, 30 Dec 2015 3:20 PM",1.12,32:41:00,29:17:00,14:27,125,78,NA,NA,30/12/2015 15:20,
B,Running,"Thu, Mar 26, 2015 7:18 PM",7.12,31:08:00,04:22,02:53,165,444,86,96,26/03/2015 19:18,
B,Running,"Thu, Mar 26, 2015 6:55 PM",1.87,10:50,05:47,03:53,55,82,75,94,26/03/2015 18:55,
B,Running,"Wed, Mar 25, 2015 8:26 PM",2.11,10:41,05:04,04:10,NA,121,72,77,25/03/2015 20:26,
B,Running,"Wed, Mar 25, 2015 6:44 PM",3.69,17:54,04:51,01:29,77,241,80,88,25/03/2015 18:44,
B,Running,"Sun, Mar 22, 2015 7:57 AM",8.45,51:31:00,06:06,03:53,200,582,NA,NA,22/03/2015 07:57,
B,Running,"Sat, Mar 21, 2015 9:09 AM",14.94,01:32:30,06:11,03:36,366,797,68,91,21/03/2015 09:09,
B,Running,"Thu, Mar 19, 2015 7:58 PM",1.06,08:13,07:44,:56,10,59,59,74,19/03/2015 19:58,
B,Running,"Thu, Mar 19, 2015 7:28 PM",4.98,17:18,03:29,02:33,44,278,91,97,19/03/2015 19:28,
B,Running,"Thu, Mar 19, 2015 6:59 PM",2.01,09:50,04:53,03:08,26,123,85,93,19/03/2015 18:59,
B,Running,"Wed, Mar 18, 2015 7:02 PM",4.16,21:28,05:10,03:13,21,261,72,84,18/03/2015 19:02,
B,Running,"Thu, Mar 12, 2015 8:03 PM",0.72,07:56,11:04,06:44,67,78,64,67,12/03/2015 20:03,
B,Running,"Thu, Mar 12, 2015 7:17 PM",8.77,38:25:00,04:23,02:45,179,559,86,97,12/03/2015 19:17,
B,Running,"Thu, Mar 12, 2015 6:51 PM",1.87,10:48,05:47,04:07,19,79,68,88,12/03/2015 18:51,
B,Running,"Wed, Mar 11, 2015 7:02 PM",4.31,23:07,05:21,04:13,71,295,73,89,11/03/2015 19:02,
B,Running,"Thu, May 14, 2015 7:22 AM",6.59,35:22:00,05:22,03:50,137,448,78,98,14/05/2015 07:22,
B,Running,"Sat, May 9, 2015 8:16 AM",6.7,48:14:00,07:12,04:24,90,478,68,96,09/05/2015 08:16,
B,Running,"Sat, May 2, 2015 12:38 PM",24.01,02:41:22,06:43,03:06,389,"1,518",71,119,02/05/2015 12:38,
B,Running,"Thu, Apr 30, 2015 7:27 PM",7.53,36:00:00,04:47,02:36,33,520,86,98,30/04/2015 19:27,
B,Running,"Thu, Apr 30, 2015 7:18 PM",1.37,07:27,05:25,03:23,33,84,81,96,30/04/2015 19:18,
B,Running,"Mon, Apr 27, 2015 6:20 PM",6.31,39:15:00,06:13,:44,182,402,73,94,27/04/2015 18:20,
B,Running,"Thu, Apr 23, 2015 7:17 PM",8.52,42:19:00,04:58,02:37,109,526,82,96,23/04/2015 19:17,
B,Running,"Sat, Apr 18, 2015 8:47 AM",25.19,02:05:27,04:59,03:29,261,"1,487",78,87,18/04/2015 08:47,
B,Running,"Thu, Apr 16, 2015 7:23 PM",5.79,25:08:00,04:20,02:34,121,369,89,99,16/04/2015 19:23,
B,Running,"Thu, Apr 16, 2015 7:12 PM",1.39,06:25,04:37,03:01,40,79,82,89,16/04/2015 19:12,
B,Running,"Wed, Apr 15, 2015 7:00 PM",4.36,23:55,05:29,03:24,87,287,73,85,15/04/2015 19:00,
B,Running,"Wed, Apr 15, 2015 5:52 PM",6.46,32:40:00,05:03,02:35,310,373,75,85,15/04/2015 17:52,
B,Running,"Wed, Apr 15, 2015 7:13 AM",6.59,32:42:00,04:58,03:56,86,394,75,83,15/04/2015 07:13,
B,Running,"Sun, Apr 12, 2015 9:46 AM",8.03,47:52:00,05:58,03:48,110,451,70,93,12/04/2015 09:46,
B,Running,"Thu, Apr 9, 2015 6:18 PM",8.78,48:04:00,05:28,02:08,230,543,74,88,09/04/2015 18:18,
B,Running,"Wed, Apr 1, 2015 6:53 PM",4.4,23:22,05:19,04:09,74,275,71,80,01/04/2015 18:53,
B,Running,"Wed, Apr 1, 2015 5:43 PM",6.44,31:44:00,04:56,02:37,111,374,73,84,01/04/2015 17:43,
B,Running,"Wed, Apr 1, 2015 7:10 AM",10.58,51:43:00,04:53,03:30,176,637,77,88,01/04/2015 07:10,
B,Running,"Mon, Mar 30, 2015 5:46 PM",10.87,59:41:00,05:29,03:45,230,792,NA,NA,30/03/2015 17:46,
B,Running,"Mon, Mar 30, 2015 5:38 PM",0.87,04:43,05:25,04:01,7,68,NA,NA,30/03/2015 17:38,
B,Running,"Wed, Jun 17, 2015 4:44 PM",6.45,31:55:00,04:57,01:02,167,363,73,82,17/06/2015 16:44,
B,Running,"Wed, Jun 17, 2015 6:53 AM",6.53,32:52:00,05:02,01:56,120,350,72,83,17/06/2015 06:53,
B,Running,"Tue, Jun 16, 2015 7:35 PM",1.13,03:50,03:24,03:03,9,47,91,108,16/06/2015 19:35,
B,Running,"Wed, Jun 10, 2015 8:03 AM",7.49,02:44:42,21:59,03:52,770,438,NA,NA,10/06/2015 08:03,
B,Running,"Tue, Jun 9, 2015 8:31 AM",18.12,04:24:51,14:37,04:01,"1,047","1,094",NA,NA,09/06/2015 08:31,
B,Running,"Mon, Jun 8, 2015 2:34 PM",7.83,02:24:26,18:26,04:32,264,408,NA,NA,08/06/2015 14:34,
B,Running,"Thu, Jun 4, 2015 7:16 PM",3.11,17:51,05:44,02:24,12,210,80,95,04/06/2015 19:16,
B,Running,"Thu, Jun 4, 2015 7:10 PM",0.71,05:49,08:14,02:39,5,54,69,93,04/06/2015 19:10,
B,Running,"Thu, Jun 4, 2015 6:48 PM",1.22,18:57,15:35,03:48,32,106,57,84,04/06/2015 18:48,
B,Running,"Sat, May 30, 2015 2:18 PM",2.05,08:05,03:57,03:19,6,110,84,87,30/05/2015 14:18,
B,Running,"Thu, May 28, 2015 7:10 PM",6.65,31:20:00,04:43,02:34,31,378,87,101,28/05/2015 19:10,
B,Running,"Thu, May 28, 2015 7:05 PM",0.77,03:53,05:02,02:46,3,38,84,93,28/05/2015 19:05,
B,Running,"Thu, May 28, 2015 6:37 PM",1.64,09:16,05:40,03:45,29,45,80,93,28/05/2015 18:37,
B,Running,"Wed, May 27, 2015 8:21 PM",1.88,09:24,05:00,03:57,39,98,72,78,27/05/2015 20:21,
B,Running,"Wed, May 27, 2015 6:59 PM",2.2,11:30,05:14,03:51,57,128,78,88,27/05/2015 18:59,
B,Running,"Mon, May 25, 2015 11:22 AM",18.13,02:45:57,09:09,02:38,"1,034","1,278",68,92,25/05/2015 11:22,
B,Running,"Sun, May 24, 2015 11:10 AM",14,01:47:07,07:39,02:51,292,951,69,104,24/05/2015 11:10,
B,Running,"Fri, May 22, 2015 8:52 AM",21.58,03:19:20,09:14,03:22,580,"1,570",66,87,22/05/2015 08:52,
B,Running,"Mon, May 18, 2015 6:02 PM",19.14,01:28:43,04:38,03:11,278,"1,282",84,105,18/05/2015 18:02,
B,Running,"Sat, May 16, 2015 10:55 AM",7.55,31:32:00,04:10,03:02,98,489,87,92,16/05/2015 10:55,
B,Running,"Tue, Jul 14, 2015 7:10 AM",6.51,32:42:00,05:01,03:26,115,360,73,82,14/07/2015 07:10,
B,Running,"Sun, Jul 12, 2015 7:11 AM",44.8,04:51:10,06:30,02:55,903,"2,392",70,85,12/07/2015 07:11,
B,Running,"Thu, Jul 9, 2015 7:13 PM",9.18,43:01:00,04:41,02:30,54,528,84,97,09/07/2015 19:13,
B,Running,"Thu, Jul 9, 2015 6:51 PM",1.17,10:54,09:20,03:36,16,81,64,79,09/07/2015 18:51,
B,Running,"Wed, Jul 8, 2015 5:18 PM",6.41,35:04:00,05:29,:21,132,312,69,82,08/07/2015 17:18,
B,Running,"Wed, Jul 8, 2015 6:53 AM",6.6,33:34:00,05:05,03:37,101,283,72,84,08/07/2015 06:53,
B,Running,"Sat, Jul 4, 2015 8:43 PM",17.89,02:43:00,09:07,03:19,777,"1,017",68,83,04/07/2015 20:43,
B,Running,"Sat, Jul 4, 2015 8:30 AM",28.05,07:02:57,15:05,03:24,"1,944","2,701",65,95,04/07/2015 08:30,
B,Running,"Tue, Jun 30, 2015 6:54 PM",7.58,41:42:00,05:30,03:08,183,554,79,98,30/06/2015 18:54,
B,Running,"Thu, Jun 25, 2015 7:32 PM",0.63,02:04,03:16,02:35,2,34,94,97,25/06/2015 19:32,
B,Running,"Thu, Jun 25, 2015 7:29 PM",0.63,02:06,03:19,03:04,NA,32,90,96,25/06/2015 19:29,
B,Running,"Thu, Jun 25, 2015 7:26 PM",0.57,02:02,03:33,03:11,2,29,85,93,25/06/2015 19:26,
B,Running,"Thu, Jun 25, 2015 7:23 PM",0.65,02:13,03:24,02:55,2,35,92,97,25/06/2015 19:23,
B,Running,"Thu, Jun 25, 2015 7:20 PM",0.65,02:11,03:21,02:54,NA,34,90,104,25/06/2015 19:20,
B,Running,"Thu, Jun 25, 2015 7:14 PM",1.12,04:11,03:44,03:01,8,50,77,89,25/06/2015 19:14,
B,Running,"Thu, Jun 25, 2015 6:56 PM",0.54,06:21,11:42,04:21,20,36,56,76,25/06/2015 18:56,
B,Running,"Mon, Jun 22, 2015 11:41 AM",14.09,01:53:29,08:03,02:45,357,826,64,91,22/06/2015 11:41,
B,Running,"Thu, Jun 18, 2015 7:15 PM",8.75,41:11:00,04:42,02:22,36,549,85,98,18/06/2015 19:15,
B,Running,"Thu, Jun 18, 2015 6:58 PM",0.92,14:59,16:21,02:58,12,97,58,81,18/06/2015 18:58,
B,Running,"Thu, Jun 18, 2015 6:53 PM",0.5,02:44,05:26,03:56,6,33,73,76,18/06/2015 18:53,
B,Running,"Sun, Aug 23, 2015 7:53 AM",50.49,05:14:12,06:13,03:05,799,"3,569",37,37,23/08/2015 07:53,
B,Running,"Wed, Aug 19, 2015 9:22 AM",9.18,48:09:00,05:15,03:42,81,592,69,77,19/08/2015 09:22,
B,Running,"Mon, Aug 17, 2015 5:23 PM",21.1,01:54:16,05:25,02:53,448,"1,153",72,83,17/08/2015 17:23,
B,Running,"Mon, Aug 17, 2015 7:15 AM",6.53,33:37:00,05:09,03:10,125,391,70,78,17/08/2015 07:15,
B,Running,"Thu, Aug 13, 2015 7:18 PM",6.92,40:49:00,05:54,02:38,37,421,72,96,13/08/2015 19:18,
B,Running,"Thu, Aug 13, 2015 6:56 PM",0.85,03:44,04:23,03:23,11,47,71,74,13/08/2015 18:56,
B,Running,"Wed, Aug 12, 2015 5:30 PM",6.76,34:37:00,05:07,01:11,175,402,71,83,12/08/2015 17:30,
B,Running,"Wed, Aug 12, 2015 7:01 AM",6.52,32:50:00,05:02,03:04,136,381,71,81,12/08/2015 07:01,
B,Running,"Sun, Aug 9, 2015 8:09 AM",6.47,36:17:00,05:36,03:14,156,433,72,86,09/08/2015 08:09,
B,Running,"Thu, Aug 6, 2015 7:12 PM",8.57,39:46:00,04:39,02:37,44,575,85,97,06/08/2015 19:12,
B,Running,"Sun, Aug 2, 2015 8:44 AM",28.11,02:48:28,06:00,03:21,515,"1,576",67,85,02/08/2015 08:44,
B,Running,"Thu, Jul 30, 2015 7:02 PM",5.99,24:45:00,04:08,02:31,29,409,87,96,30/07/2015 19:02,
B,Running,"Thu, Jul 30, 2015 6:50 PM",0.54,02:32,04:42,04:15,1,30,68,73,30/07/2015 18:50,
B,Running,"Thu, Jul 23, 2015 10:47 AM",20.94,06:02:21,17:18,03:50,"1,292","1,146",NA,NA,23/07/2015 10:47,
B,Running,"Wed, Jul 22, 2015 5:47 PM",2.56,12:21,04:50,03:17,29,176,77,85,22/07/2015 17:47,
B,Running,"Thu, Jul 16, 2015 7:20 PM",2.05,10:10,04:57,02:37,11,145,85,98,16/07/2015 19:20,
B,Running,"Thu, Jul 16, 2015 7:08 PM",1.92,10:14,05:20,02:54,13,135,81,97,16/07/2015 19:08,
B,Running,"Thu, Jul 16, 2015 6:55 PM",1.82,10:54,06:00,02:51,7,118,74,94,16/07/2015 18:55,
B,Running,"Thu, Jul 16, 2015 6:37 PM",0.54,02:30,04:36,03:31,70,26,68,74,16/07/2015 18:37,
B,Running,"Tue, Jul 14, 2015 4:45 PM",6.57,34:16:00,05:13,:23,180,348,70,82,14/07/2015 16:45,
B,Running,"Tue, Sep 15, 2015 6:03 PM",6.27,33:22:00,05:19,03:46,50,330,73,85,15/09/2015 18:03,
B,Running,"Tue, Sep 15, 2015 5:50 PM",0.82,07:30,09:12,04:32,66,87,81,91,15/09/2015 17:50,
B,Running,"Tue, Sep 15, 2015 5:31 PM",2.56,18:00,07:01,03:18,130,218,81,93,15/09/2015 17:31,
B,Running,"Tue, Sep 15, 2015 5:17 PM",1.75,12:00,06:50,03:20,96,150,81,92,15/09/2015 17:17,
B,Running,"Tue, Sep 15, 2015 5:10 PM",1.02,06:00,05:52,03:01,41,76,82,90,15/09/2015 17:10,
B,Running,"Tue, Sep 15, 2015 4:49 PM",3.6,19:08,05:19,03:20,88,186,68,74,15/09/2015 16:49,
B,Running,"Sat, Sep 12, 2015 9:38 AM",17.47,02:22:50,08:11,03:17,403,"1,070",68,92,12/09/2015 09:38,
B,Running,"Fri, Sep 11, 2015 8:51 AM",1.04,05:45,05:34,04:22,10,70,76,84,11/09/2015 08:51,
B,Running,"Fri, Sep 11, 2015 8:44 AM",0.7,06:00,08:37,03:51,31,79,86,94,11/09/2015 08:44,
B,Running,"Fri, Sep 11, 2015 8:33 AM",1,09:00,09:00,03:38,68,118,85,96,11/09/2015 08:33,
B,Running,"Fri, Sep 11, 2015 8:20 AM",1.38,12:00,08:41,03:50,98,148,82,95,11/09/2015 08:20,
B,Running,"Fri, Sep 11, 2015 8:09 AM",1,09:00,09:01,03:36,67,111,84,92,11/09/2015 08:09,
B,Running,"Fri, Sep 11, 2015 8:03 AM",0.7,06:27,09:10,04:17,22,76,78,90,11/09/2015 08:03,
B,Running,"Fri, Sep 11, 2015 7:04 AM",4.42,54:14:00,12:17,03:22,160,305,57,85,11/09/2015 07:04,
B,Running,"Wed, Sep 9, 2015 4:56 PM",6.26,31:52:00,05:06,02:01,246,336,75,84,09/09/2015 16:56,
B,Running,"Wed, Sep 9, 2015 7:05 AM",6.55,31:42:00,04:51,03:19,185,314,75,91,09/09/2015 07:05,
B,Running,"Thu, Sep 3, 2015 7:17 PM",2.79,09:03,03:15,02:39,18,106,86,97,03/09/2015 19:17,
B,Running,"Sat, Aug 29, 2015 1:53 PM",2.12,07:48,03:41,02:53,9,151,NA,NA,29/08/2015 13:53,
B,Running,"Thu, Aug 27, 2015 7:08 PM",7.7,36:09:00,04:41,02:40,42,538,75,76,27/08/2015 19:08,
B,Running,"Tue, Aug 25, 2015 9:55 AM",14.94,01:36:01,06:26,01:30,228,"1,036",NA,NA,25/08/2015 09:55,
B,Running,"Thu, Oct 22, 2015 7:02 AM",6.39,38:54:00,06:05,03:10,89,418,72,85,22/10/2015 07:02,
B,Running,"Tue, Oct 20, 2015 6:50 AM",6.61,34:04:00,05:09,03:40,115,365,72,81,20/10/2015 06:50,
B,Running,"Thu, Oct 15, 2015 7:53 PM",5.16,25:17:00,04:54,02:41,166,290,73,87,15/10/2015 19:53,
B,Running,"Thu, Oct 15, 2015 7:15 AM",6.55,30:38:00,04:40,02:52,113,394,79,90,15/10/2015 07:15,
B,Running,"Sun, Oct 11, 2015 8:08 AM",27.43,02:55:20,06:23,03:21,510,"1,300",67,83,11/10/2015 08:08,
B,Running,"Tue, Oct 6, 2015 6:45 PM",3.08,33:21:00,10:51,03:54,106,240,63,84,06/10/2015 18:45,
B,Running,"Sun, Oct 4, 2015 8:53 AM",2.96,18:42,06:19,01:30,53,189,69,87,04/10/2015 08:53,
B,Running,"Sun, Oct 4, 2015 7:24 AM",2.88,18:53,06:33,:56,74,184,69,89,04/10/2015 07:24,
B,Running,"Thu, Oct 1, 2015 7:00 PM",5.2,26:49:00,05:10,03:27,70,282,76,94,01/10/2015 19:00,
B,Running,"Thu, Oct 1, 2015 6:47 PM",1.94,12:00,06:11,03:19,188,146,82,93,01/10/2015 18:47,
B,Running,"Thu, Oct 1, 2015 6:35 PM",1.91,11:42,06:09,03:03,98,137,79,91,01/10/2015 18:35,
B,Running,"Thu, Oct 1, 2015 6:13 PM",4.07,20:53,05:08,03:14,120,197,70,77,01/10/2015 18:13,
B,Running,"Wed, Sep 30, 2015 6:56 AM",6.53,28:56:00,04:26,02:44,104,323,80,86,30/09/2015 06:56,
B,Running,"Tue, Sep 29, 2015 5:11 PM",6.34,32:30:00,05:07,01:48,163,262,69,82,29/09/2015 17:11,
B,Running,"Sun, Sep 27, 2015 9:18 AM",2.98,19:10,06:25,02:38,58,165,70,87,27/09/2015 09:18,
B,Running,"Sun, Sep 27, 2015 7:43 AM",2.83,18:21,06:29,03:31,68,159,71,89,27/09/2015 07:43,
B,Running,"Wed, Sep 23, 2015 6:36 PM",6.68,01:13:16,10:58,01:26,241,293,54,81,23/09/2015 18:36,
B,Running,"Sun, Sep 20, 2015 9:45 AM",35.15,04:50:58,08:17,03:23,917,"1,848",74,88,20/09/2015 09:45,
B,Running,"Sat, Sep 19, 2015 9:16 AM",35.79,04:46:45,08:01,03:21,"1,458","2,751",79,91,19/09/2015 09:16,
B,Running,"Wed, Sep 16, 2015 6:55 AM",6.5,33:30:00,05:09,03:35,101,323,71,83,16/09/2015 06:55,
B,Running,"Thu, Dec 3, 2015 4:45 PM",5.09,27:56:00,05:29,03:21,108,228,68,82,03/12/2015 16:45,
B,Running,"Thu, Dec 3, 2015 7:16 AM",6.41,32:01:00,05:00,02:45,110,301,75,81,03/12/2015 07:16,
B,Running,"Sun, Nov 29, 2015 9:34 AM",18.54,03:06:57,10:05,02:59,615,"1,223",67,84,29/11/2015 09:34,
B,Running,"Sat, Nov 28, 2015 8:01 AM",31.37,03:46:54,07:14,03:15,961,"2,037",74,90,28/11/2015 08:01,
B,Running,"Thu, Nov 26, 2015 7:23 PM",5.49,25:47:00,04:42,02:12,120,333,83,97,26/11/2015 19:23,
B,Running,"Thu, Nov 26, 2015 7:14 PM",1.61,08:20,05:11,02:49,54,93,72,78,26/11/2015 19:14,
B,Running,"Sun, Nov 22, 2015 11:17 AM",18.81,01:32:10,04:54,03:14,257,832,73,89,22/11/2015 11:17,
B,Running,"Sat, Nov 14, 2015 8:32 AM",45.56,03:58:48,05:14,01:23,807,"2,820",84,92,14/11/2015 08:32,
B,Running,"Tue, Nov 10, 2015 5:16 PM",6.34,30:39:00,04:50,03:22,181,331,72,82,10/11/2015 17:16,
B,Running,"Tue, Nov 10, 2015 6:45 AM",6.5,29:55:00,04:36,02:28,126,312,72,80,10/11/2015 06:45,
B,Running,"Sun, Nov 8, 2015 2:23 PM",16.02,01:52:15,07:00,03:12,331,866,69,83,08/11/2015 14:23,
B,Running,"Thu, Nov 5, 2015 7:29 PM",5.47,33:25:00,06:06,02:30,112,395,82,99,05/11/2015 19:29,
B,Running,"Thu, Nov 5, 2015 7:18 PM",1.21,04:57,04:06,03:19,16,63,79,86,05/11/2015 19:18,
B,Running,"Thu, Nov 5, 2015 7:00 PM",0.65,11:39,17:58,03:30,27,38,51,66,05/11/2015 19:00,
B,Running,"Thu, Nov 5, 2015 7:01 AM",6.36,31:08:00,04:54,03:31,70,336,73,81,05/11/2015 07:01,
B,Running,"Thu, Oct 29, 2015 8:01 PM",5.88,31:19:00,05:20,03:20,118,353,75,85,29/10/2015 20:01,
B,Running,"Thu, Oct 29, 2015 7:28 PM",4.76,28:42:00,06:02,02:13,95,307,77,97,29/10/2015 19:28,
B,Running,"Thu, Oct 29, 2015 7:01 PM",0.92,04:48,05:12,04:05,20,48,65,69,29/10/2015 19:01,
B,Running,"Thu, Oct 29, 2015 7:03 AM",6.51,33:32:00,05:09,03:49,94,348,72,79,29/10/2015 07:03,
B,Running,"Sun, Jan 10, 2016 9:39 AM",2.92,18:49,06:27,03:17,87,227,72,83,10/01/2016 09:39,
B,Running,"Sun, Jan 10, 2016 7:52 AM",2.98,18:50,06:19,03:26,74,220,71,83,10/01/2016 07:52,
B,Running,"Wed, Dec 30, 2015 8:09 AM",24.79,02:14:15,05:25,03:04,305,"1,250",72,87,30/12/2015 08:09,
B,Running,"Mon, Dec 28, 2015 9:14 AM",12.63,01:12:29,05:44,03:35,126,569,66,83,28/12/2015 09:14,
B,Running,"Fri, Dec 25, 2015 8:02 AM",25.32,02:51:27,06:46,01:46,548,"1,250",68,82,25/12/2015 08:02,
B,Running,"Thu, Dec 24, 2015 10:13 AM",4.09,23:08,05:39,03:48,51,217,70,75,24/12/2015 10:13,
B,Running,"Thu, Dec 24, 2015 8:12 AM",4.34,22:05,05:05,03:37,103,226,74,82,24/12/2015 08:12,
B,Running,"Mon, Dec 21, 2015 8:08 AM",32.47,03:30:06,06:28,03:40,677,"1,542",66,84,21/12/2015 08:08,
B,Running,"Thu, Dec 17, 2015 5:07 PM",6.08,33:33:00,05:31,03:01,193,329,68,78,17/12/2015 17:07,
B,Running,"Thu, Dec 17, 2015 7:13 AM",6.14,28:01:00,04:34,03:27,130,350,78,86,17/12/2015 07:13,
B,Running,"Tue, Dec 15, 2015 6:36 AM",0.54,01:25,02:37,02:22,37,7,53,65,15/12/2015 06:36,
B,Running,"Sun, Dec 13, 2015 9:16 AM",2.88,20:12,07:01,03:54,64,185,66,81,13/12/2015 09:16,
B,Running,"Sun, Dec 13, 2015 7:43 AM",2.81,20:29,07:16,03:39,81,190,66,84,13/12/2015 07:43,
B,Running,"Thu, Dec 10, 2015 7:43 AM",6.35,32:49:00,05:10,03:27,126,322,71,77,10/12/2015 07:43,
B,Running,"Wed, Dec 9, 2015 6:40 AM",7.75,32:48:00,04:14,01:14,263,358,77,90,09/12/2015 06:40,
B,Running,"Sun, Dec 6, 2015 9:43 AM",2.92,17:22,05:57,03:31,70,168,71,83,06/12/2015 09:43,
B,Running,"Sun, Dec 6, 2015 8:17 AM",2.92,17:03,05:51,02:57,89,162,70,83,06/12/2015 08:17,
B,Running,"Sat, Dec 5, 2015 8:48 AM",51.06,02:01:34,02:23,01:03,413,829,66,86,05/12/2015 08:48,
B,Running,"Tue, Mar 8, 2016 12:33 PM",5.3,26:05:00,04:55,03:26,24,302,72,76,08/03/2016 12:33,
B,Running,"Sun, Mar 6, 2016 7:46 AM",6.48,42:22:00,06:32,03:36,98,387,65,76,06/03/2016 07:46,
B,Running,"Fri, Mar 4, 2016 4:33 PM",8.43,40:00:00,04:45,03:17,23,531,83,92,04/03/2016 16:33,
B,Running,"Fri, Mar 4, 2016 4:09 PM",1.67,08:33,05:08,04:06,NA,112,75,83,04/03/2016 16:09,
B,Running,"Wed, Mar 2, 2016 7:33 AM",9.36,47:42:00,05:06,03:08,74,495,72,77,02/03/2016 07:33,
B,Running,"Mon, Feb 29, 2016 5:20 PM",0.48,01:33,03:11,02:44,NA,24,90,96,29/02/2016 17:20,
B,Running,"Mon, Feb 29, 2016 5:16 PM",0.65,02:12,03:23,02:56,NA,34,90,94,29/02/2016 17:16,
B,Running,"Mon, Feb 29, 2016 5:13 PM",0.65,02:09,03:18,02:48,NA,33,89,95,29/02/2016 17:13,
B,Running,"Mon, Feb 29, 2016 5:09 PM",0.87,02:52,03:19,02:49,NA,45,90,96,29/02/2016 17:09,
B,Running,"Mon, Feb 29, 2016 5:00 PM",1.97,07:55,04:00,02:40,1,116,87,95,29/02/2016 17:00,
B,Running,"Mon, Feb 29, 2016 4:55 PM",1.24,04:27,03:35,02:41,NA,66,89,94,29/02/2016 16:55,
B,Running,"Mon, Feb 29, 2016 4:40 PM",1.33,05:03,03:47,03:14,NA,70,84,87,29/02/2016 16:40,
B,Running,"Mon, Feb 29, 2016 4:24 PM",0.92,06:02,06:33,03:34,NA,60,68,82,29/02/2016 16:24,
B,Running,"Sun, Feb 28, 2016 10:11 AM",17.23,39:30:00,02:18,:58,161,326,65,87,28/02/2016 10:11,
B,Running,"Thu, Feb 25, 2016 7:09 PM",3.95,19:39,04:58,03:36,35,230,75,84,25/02/2016 19:09,
B,Running,"Thu, Feb 25, 2016 8:46 AM",6.67,33:39:00,05:03,01:46,70,364,72,82,25/02/2016 08:46,
B,Running,"Sat, Feb 20, 2016 8:53 AM",1.79,04:25,02:28,01:41,7,48,70,79,20/02/2016 08:53,
B,Running,"Thu, Feb 18, 2016 5:40 PM",5.98,32:01:00,05:21,03:13,87,345,72,82,18/02/2016 17:40,
B,Running,"Thu, Feb 18, 2016 7:10 AM",6.52,36:42:00,05:38,03:36,74,405,74,86,18/02/2016 07:10,
B,Running,"Thu, Feb 11, 2016 7:24 PM",4.52,21:00,04:39,02:19,5,267,83,97,11/02/2016 19:24,
B,Running,"Thu, Feb 11, 2016 7:00 PM",2,10:23,05:11,01:13,3,103,69,82,11/02/2016 19:00,
B,Running,"Thu, Jan 28, 2016 7:52 PM",0.28,01:19,04:38,03:40,NA,13,67,68,28/01/2016 19:52,
B,Running,"Thu, Jan 28, 2016 7:15 PM",6.48,30:10:00,04:39,03:13,286,382,83,96,28/01/2016 19:15,
B,Running,"Thu, Jan 28, 2016 6:44 PM",3.56,17:41,04:58,01:32,72,201,74,83,28/01/2016 18:44,
B,Running,"Thu, Jan 28, 2016 6:56 AM",6.37,30:27:00,04:47,03:17,70,364,76,85,28/01/2016 06:56,
B,Running,"Sun, Jan 24, 2016 9:40 AM",2.53,17:23,06:52,04:20,66,176,70,84,24/01/2016 09:40,
B,Running,"Sun, Jan 24, 2016 7:40 AM",2.92,20:12,06:55,04:12,68,199,69,85,24/01/2016 07:40,
B,Running,"Thu, Jan 21, 2016 8:10 PM",5.71,25:09:00,04:24,01:01,83,265,69,82,21/01/2016 20:10,
B,Running,"Thu, Jan 21, 2016 8:26 AM",6.45,28:56:00,04:29,03:19,86,376,78,87,21/01/2016 08:26,
B,Running,"Tue, Jan 19, 2016 6:00 PM",6.04,32:21:00,05:21,03:16,92,352,71,84,19/01/2016 18:00,
B,Running,"Tue, Jan 19, 2016 6:56 AM",6.27,27:39:00,04:25,02:20,68,351,76,85,19/01/2016 06:56,
B,Running,"Sun, Jan 17, 2016 8:07 AM",8.63,01:22:54,09:36,01:21,120,559,60,77,17/01/2016 08:07,
B,Running,"Thu, Jan 14, 2016 7:27 PM",4.76,25:13:00,05:18,02:19,15,322,81,97,14/01/2016 19:27,
B,Running,"Thu, Jan 14, 2016 7:16 PM",1.25,09:56,07:56,01:32,3,88,65,81,14/01/2016 19:16,
B,Running,"Thu, Jan 14, 2016 7:01 PM",0.73,06:49,09:19,03:36,2,54,62,70,14/01/2016 19:01,
B,Running,"Thu, Jan 14, 2016 8:14 AM",6.44,32:38:00,05:04,03:25,84,353,71,80,14/01/2016 08:14,
C,Running,"Sat, Apr 2, 2016 3:16 PM",4.91,48:01:00,09:46,01:40,195,579,--,--,02/04/2016 15:16,
C,Running,"Thu, Mar 31, 2016 6:34 PM",0.72,07:13,10:05,05:59,53,89,--,--,31/03/2016 18:34,
C,Running,"Tue, Mar 29, 2016 6:46 PM",5.51,51:58:00,09:26,05:22,401,654,--,--,29/03/2016 18:46,
C,Running,"Sat, Mar 26, 2016 5:03 PM",5.66,54:45:00,09:41,06:10,326,674,--,--,26/03/2016 17:03,
C,Running,"Thu, Mar 24, 2016 6:52 PM",3.08,29:13:00,09:29,:30,140,375,--,--,24/03/2016 18:52,
C,Running,"Tue, Mar 22, 2016 6:47 PM",5.7,53:28:00,09:23,03:12,192,669,--,--,22/03/2016 18:47,
C,Running,"Sun, Mar 20, 2016 9:04 AM",4.76,43:29:00,09:08,06:20,304,566,--,--,20/03/2016 09:04,
C,Running,"Thu, Mar 17, 2016 6:45 PM",3.53,33:11:00,09:24,05:40,190,415,--,--,17/03/2016 18:45,
C,Running,"Thu, Mar 10, 2016 6:50 PM",2.69,32:36:00,12:06,06:09,119,313,--,--,10/03/2016 18:50,
C,Running,"Tue, Mar 8, 2016 6:48 PM",7.58,01:18:17,10:19,:37,572,898,--,--,08/03/2016 18:48,
C,Running,"Sun, Mar 6, 2016 4:05 PM",4.78,43:52:00,09:11,06:21,341,575,--,--,06/03/2016 16:05,
C,Running,"Thu, Mar 3, 2016 6:50 PM",3.36,34:51:00,10:22,07:16,190,385,--,--,03/03/2016 18:50,
C,Running,"Sat, Feb 27, 2016 4:52 PM",9.53,01:29:20,09:22,06:02,690,"1,132",--,--,27/02/2016 16:52,
C,Running,"Thu, Feb 25, 2016 6:51 PM",3.32,32:12:00,09:42,06:41,59,386,--,--,25/02/2016 18:51,
C,Running,"Tue, Feb 23, 2016 6:50 PM",5.3,50:39:00,09:34,05:52,199,636,--,--,23/02/2016 18:50,
C,Running,"Sun, Feb 21, 2016 3:02 PM",6.36,01:06:22,10:26,05:48,448,761,--,--,21/02/2016 15:02,
C,Running,"Thu, Feb 18, 2016 6:58 PM",2.58,30:11:00,11:43,07:46,249,296,--,--,18/02/2016 18:58,
C,Running,"Tue, Feb 16, 2016 6:53 PM",5.11,51:45:00,10:07,:30,373,604,--,--,16/02/2016 18:53,
C,Running,"Tue, Feb 9, 2016 6:48 PM",6.06,57:39:00,09:30,05:16,613,715,--,--,09/02/2016 18:48,
C,Running,"Thu, Feb 4, 2016 6:52 PM",3.02,32:18:00,10:42,07:06,89,350,--,--,04/02/2016 18:52,
C,Running,"Sun, Jan 31, 2016 8:49 AM",1.23,11:44,09:34,02:54,44,151,--,--,31/01/2016 08:49,
C,Running,"Sun, Jan 31, 2016 7:58 AM",8.69,38:57:00,04:29,:46,273,475,--,--,31/01/2016 07:58,
C,Running,"Thu, Jan 28, 2016 6:48 PM",2.82,25:19:00,08:59,06:27,158,330,--,--,28/01/2016 18:48,
C,Running,"Tue, Jan 26, 2016 6:51 PM",5.69,56:58:00,10:01,04:53,439,679,--,--,26/01/2016 18:51,
C,Running,"Sun, Jan 24, 2016 9:01 AM",6.18,01:05:26,10:35,06:14,705,705,--,--,24/01/2016 09:01,
C,Running,"Thu, Jan 21, 2016 6:49 PM",4.06,01:23:14,20:29,06:53,224,441,--,--,21/01/2016 18:49,
C,Running,"Sat, Jan 16, 2016 3:02 PM",7.13,01:11:17,10:00,02:52,513,829,--,--,16/01/2016 15:02,
C,Running,"Thu, Jan 14, 2016 6:54 PM",1.51,11:26,07:35,:35,95,185,--,--,14/01/2016 18:54,
C,Running,"Thu, Jan 14, 2016 6:54 PM",1.51,11:26,07:35,:35,48,185,--,--,14/01/2016 18:54,
C,Running,"Tue, Jan 12, 2016 6:52 PM",4.37,49:51:00,11:24,03:54,321,515,--,--,12/01/2016 18:52,
C,Running,"Sun, Jan 10, 2016 9:04 AM",3.19,33:15:00,10:26,07:44,171,379,--,--,10/01/2016 09:04,
C,Running,"Sat, Jan 9, 2016 9:04 AM",3.99,33:14:00,08:19,05:40,--,469,--,--,09/01/2016 09:04,
C,Running,"Thu, Jan 7, 2016 6:51 PM",3.23,31:00:00,09:36,05:37,125,380,--,--,07/01/2016 18:51,
C,Running,"Tue, Jan 5, 2016 6:50 PM",6.16,59:38:00,09:41,06:11,600,730,--,--,05/01/2016 18:50,
C,Running,"Sat, Jan 2, 2016 9:01 AM",4.14,36:49:00,08:53,06:11,60,485,--,--,02/01/2016 09:01,
C,Running,"Thu, Dec 31, 2015 9:02 AM",5.81,58:22:00,10:03,07:25,196,690,--,--,31/12/2015 09:02,
C,Running,"Fri, Dec 25, 2015 11:03 AM",2.1,19:47,09:25,03:16,129,255,--,--,25/12/2015 11:03,
C,Running,"Sat, Dec 19, 2015 9:08 AM",8.2,01:36:08,11:44,:49,597,"1,017",--,--,19/12/2015 09:08,
C,Running,"Thu, Dec 10, 2015 6:50 PM",5.15,06:56:09,--:--,01:51,100,571,--,--,10/12/2015 18:50,
C,Running,"Tue, Dec 8, 2015 6:52 PM",4.73,49:01:00,10:22,06:10,453,562,--,--,08/12/2015 18:52,
C,Running,"Sun, Dec 6, 2015 3:55 PM",4.18,40:01:00,09:35,01:49,238,497,--,--,06/12/2015 15:55,
C,Running,"Thu, Dec 3, 2015 7:31 PM",0,:03,--:--,03:02,--,0,--,--,03/12/2015 19:31,
C,Running,"Tue, Dec 1, 2015 6:49 PM",7.8,01:20:59,10:23,06:45,715,918,--,--,01/12/2015 18:49,
C,Running,"Sun, Nov 29, 2015 9:39 AM",3.15,33:06:00,10:31,06:55,99,381,--,--,29/11/2015 09:39,
C,Running,"Thu, Nov 19, 2015 6:51 PM",2.56,01:11:39,28:00:00,05:48,97,263,--,--,19/11/2015 18:51,
C,Running,"Tue, Nov 17, 2015 6:57 PM",3.36,34:33:00,10:17,07:20,148,401,--,--,17/11/2015 18:57,
C,Running,"Sat, Nov 14, 2015 9:17 AM",2.89,33:46:00,11:41,06:18,45,337,--,--,14/11/2015 09:17,
C,Running,"Thu, Nov 12, 2015 6:52 PM",3.17,33:27:00,10:33,06:50,188,372,--,--,12/11/2015 18:52,
C,Running,"Tue, Nov 10, 2015 7:08 PM",2.97,29:50:00,10:03,06:49,135,361,--,--,10/11/2015 19:08,
C,Running,"Sat, Nov 7, 2015 9:35 AM",3.51,36:31:00,10:24,06:38,115,427,--,--,07/11/2015 09:35,
C,Running,"Wed, Nov 4, 2015 7:16 PM",3.01,29:30:00,09:48,07:36,120,361,--,--,04/11/2015 19:16,
C,Running,"Sat, Oct 31, 2015 10:38 AM",2.34,23:47,10:09,07:15,134,284,--,--,31/10/2015 10:38,
C,Running,"Thu, Oct 29, 2015 6:52 PM",2.05,20:57,10:14,07:03,112,241,--,--,29/10/2015 18:52,
C,Running,"Mon, Oct 26, 2015 11:49 AM",2.59,30:41:00,11:51,01:42,144,308,--,--,26/10/2015 11:49,
C,Running,"Sat, Oct 10, 2015 9:13 AM",2.27,25:33:00,11:14,07:04,72,271,--,--,10/10/2015 09:13,
C,Running,"Sun, Sep 27, 2015 7:58 AM",5.72,01:02:58,11:00,07:27,468,661,--,--,27/09/2015 07:58,
C,Running,"Thu, Sep 24, 2015 6:39 PM",4.27,03:32:09,49:40:00,01:51,101,526,--,--,24/09/2015 18:39,
C,Running,"Tue, Sep 22, 2015 6:56 PM",3.16,30:23:00,09:36,06:28,114,386,--,--,22/09/2015 18:56,
C,Running,"Sun, Sep 20, 2015 8:15 AM",6.31,01:10:12,11:08,04:22,789,726,--,--,20/09/2015 08:15,
C,Running,"Thu, Sep 17, 2015 6:51 PM",1.73,18:39,10:47,05:52,68,205,--,--,17/09/2015 18:51,
C,Running,"Sun, Sep 13, 2015 9:52 AM",13.3,02:05:26,09:26,05:16,672,"1,579",--,--,13/09/2015 09:52,
C,Running,"Sun, Sep 6, 2015 5:25 PM",5.12,53:08:00,10:23,08:01,346,616,--,--,06/09/2015 17:25,
C,Running,"Thu, Sep 3, 2015 6:43 PM",5.49,08:25:21,--:--,:48,154,577,--,--,03/09/2015 18:43,
C,Running,"Wed, Sep 2, 2015 9:46 AM",5.9,58:40:00,09:56,07:10,332,707,--,--,02/09/2015 09:46,
C,Running,"Wed, Sep 2, 2015 9:11 AM",0,:01,--:--,16:40,--,0,--,--,02/09/2015 09:11,
C,Running,"Tue, Sep 1, 2015 10:11 AM",3.46,33:48:00,09:46,02:01,166,437,--,--,01/09/2015 10:11,
C,Running,"Sun, Aug 30, 2015 2:45 PM",3.73,36:34:00,09:49,06:41,247,441,--,--,30/08/2015 14:45,
C,Running,"Fri, Aug 28, 2015 5:33 PM",11.47,02:08:23,11:11,07:54,940,"1,370",--,--,28/08/2015 17:33,
C,Running,"Tue, Aug 25, 2015 6:39 PM",6.65,01:00:54,09:09,04:26,460,909,--,--,25/08/2015 18:39,
C,Running,"Mon, Aug 24, 2015 7:09 PM",4.01,41:01:00,10:13,01:53,127,494,--,--,24/08/2015 19:09,
C,Running,"Sat, Aug 22, 2015 9:06 AM",10.18,01:46:53,10:30,:48,797,"1,201",--,--,22/08/2015 09:06,
C,Running,"Thu, Aug 20, 2015 6:41 PM",3.88,40:50:00,10:32,:36,208,484,--,--,20/08/2015 18:41,
C,Running,"Wed, Aug 12, 2015 8:12 PM",4.7,45:38:00,09:43,05:55,193,563,--,--,12/08/2015 20:12,
C,Running,"Sat, Aug 8, 2015 7:06 AM",10.78,01:55:45,10:45,07:07,858,"1,285",--,--,08/08/2015 07:06,
C,Running,"Thu, Aug 6, 2015 6:50 PM",2.65,24:23:00,09:12,06:00,149,317,--,--,06/08/2015 18:50,
C,Running,"Tue, Aug 4, 2015 4:56 PM",2.86,30:05:00,10:31,03:45,212,336,--,--,04/08/2015 16:56,
C,Running,"Sat, Aug 1, 2015 8:58 AM",10.36,01:49:01,10:31,06:58,862,"1,231",--,--,01/08/2015 08:58,
C,Running,"Thu, Jul 30, 2015 6:52 PM",3.02,30:42:00,10:10,01:33,175,363,--,--,30/07/2015 18:52,
C,Running,"Tue, Jul 28, 2015 9:11 PM",4.06,39:43:00,09:46,04:40,210,478,--,--,28/07/2015 21:11,
C,Running,"Sun, Jul 26, 2015 8:26 PM",9.41,01:45:10,11:11,:28,959,"1,109",--,--,26/07/2015 20:26,
C,Running,"Thu, Jul 23, 2015 6:48 PM",3.01,26:47:00,08:55,06:18,104,360,--,--,23/07/2015 18:48,
C,Running,"Tue, Jul 21, 2015 6:59 PM",4.83,47:19:00,09:48,06:48,263,581,--,--,21/07/2015 18:59,
C,Running,"Sun, Jul 19, 2015 8:28 PM",8.35,01:32:30,11:05,07:14,666,994,--,--,19/07/2015 20:28,
C,Running,"Sat, Jul 18, 2015 9:05 AM",3.14,27:16:00,08:40,06:30,321,376,--,--,18/07/2015 09:05,
C,Running,"Wed, Jul 15, 2015 5:58 PM",3.35,33:18:00,09:57,02:59,188,410,--,--,15/07/2015 17:58,
C,Running,"Sun, Jul 12, 2015 8:27 PM",4.86,57:19:00,11:47,01:19,485,570,--,--,12/07/2015 20:27,
C,Running,"Thu, Jul 9, 2015 6:53 PM",3.03,30:32:00,10:05,06:52,109,362,--,--,09/07/2015 18:53,
C,Running,"Wed, Jul 8, 2015 6:12 PM",4.85,47:51:00,09:52,04:19,177,590,--,--,08/07/2015 18:12,
C,Running,"Sun, Jul 5, 2015 8:32 PM",6.22,01:12:07,11:35,08:18,313,741,--,--,05/07/2015 20:32,
C,Running,"Sun, Jul 5, 2015 8:05 PM",1.03,25:19:00,24:39:00,02:04,45,153,--,--,05/07/2015 20:05,
C,Running,"Sat, Jul 4, 2015 9:12 AM",3.16,27:43:00,08:46,06:32,315,375,--,--,04/07/2015 09:12,
C,Running,"Thu, Jul 2, 2015 6:40 PM",0.53,05:08,09:43,06:05,26,80,--,--,02/07/2015 18:40,
C,Running,"Tue, Jun 30, 2015 9:04 AM",4.69,50:35:00,10:48,08:23,171,558,--,--,30/06/2015 09:04,
C,Running,"Mon, Jun 29, 2015 10:04 AM",2.45,26:42:00,10:55,08:16,--,291,--,--,29/06/2015 10:04,
C,Running,"Fri, Jun 26, 2015 9:34 AM",3.5,38:14:00,10:56,08:35,393,426,--,--,26/06/2015 09:34,
C,Running,"Sat, Jun 20, 2015 8:53 AM",4.28,41:36:00,09:44,06:26,312,502,--,--,20/06/2015 08:53,
C,Running,"Thu, Jun 18, 2015 6:51 PM",2.7,27:04:00,10:02,07:20,101,320,--,--,18/06/2015 18:51,
C,Running,"Tue, Jun 16, 2015 4:55 PM",2.5,29:46:00,11:53,03:32,215,287,--,--,16/06/2015 16:55,
C,Running,"Sun, Jun 14, 2015 3:30 PM",7,01:21:24,11:37,05:31,278,805,--,--,14/06/2015 15:30,
C,Running,"Thu, Jun 11, 2015 6:52 PM",3.02,35:19:00,11:42,06:24,167,353,--,--,11/06/2015 18:52,
C,Running,"Sun, Jun 7, 2015 9:27 AM",6.48,59:10:00,09:08,05:41,177,773,--,--,07/06/2015 09:27,
C,Running,"Thu, Jun 4, 2015 6:52 PM",1.53,13:09,08:34,05:57,57,182,--,--,04/06/2015 18:52,
C,Running,"Mon, Jun 1, 2015 6:58 PM",2.71,27:44:00,10:15,05:59,50,327,--,--,01/06/2015 18:58,
C,Running,"Sat, May 30, 2015 9:08 AM",5.39,01:00:24,11:13,01:11,338,640,--,--,30/05/2015 09:08,
C,Running,"Thu, May 28, 2015 6:53 PM",3.46,37:59:00,10:59,03:30,112,408,--,--,28/05/2015 18:53,
C,Running,"Tue, May 26, 2015 12:06 PM",2.65,26:03:00,09:49,01:07,59,314,--,--,26/05/2015 12:06,
C,Running,"Sun, May 24, 2015 11:02 AM",5.61,59:46:00,10:39,:46,285,681,--,--,24/05/2015 11:02,
C,Running,"Tue, May 19, 2015 9:23 AM",5.96,01:04:27,10:48,06:23,94,716,--,--,19/05/2015 09:23,
C,Running,"Thu, May 14, 2015 6:36 PM",4.3,49:19:00,11:27,07:15,262,509,--,--,14/05/2015 18:36,
C,Running,"Sat, May 9, 2015 9:08 AM",3.12,30:35:00,09:48,07:01,306,368,--,--,09/05/2015 09:08,
C,Running,"Tue, May 5, 2015 10:48 AM",4,43:44:00,10:56,:26,132,485,--,--,05/05/2015 10:48,
C,Running,"Mon, Apr 27, 2015 8:20 PM",0,:04,--:--,03:19,--,1,--,--,27/04/2015 20:20,
C,Running,"Mon, Apr 27, 2015 7:08 PM",3.96,02:04:55,31:31:00,:54,36,582,--,--,27/04/2015 19:08,
C,Running,"Mon, Apr 6, 2015 4:46 PM",2.86,41:16:00,14:26,:27,93,329,--,--,06/04/2015 16:46,
C,Running,"Sun, Mar 8, 2015 9:55 AM",4.26,47:43:00,11:11,06:43,245,520,--,--,08/03/2015 09:55,
C,Running,"Sun, Dec 28, 2014 11:30 AM",2.98,32:03:00,10:45,07:48,111,362,--,--,28/12/2014 11:30,
C,Running,"Sat, Dec 20, 2014 9:26 AM",3.22,40:08:00,12:29,01:29,91,412,--,--,20/12/2014 09:26,
C,Running,"Sat, Dec 13, 2014 4:13 PM",0.52,05:55,11:21,07:50,55,65,--,--,13/12/2014 16:13,
C,Running,"Sat, Dec 6, 2014 9:39 AM",3.61,50:29:00,13:59,:30,73,478,--,--,06/12/2014 09:39,
D,Running,"Wed, Mar 16, 2016 6:16 PM",10.79,51:45:00,04:48,03:47,122,550,164,177,16/03/2016 18:16,
D,Running,"Tue, Mar 15, 2016 5:34 PM",6.66,30:48:00,04:37,03:15,60,309,164,181,15/03/2016 17:34,
D,Running,"Sun, Mar 13, 2016 10:10 AM",20.79,01:44:22,05:01,03:22,334,947,160,173,13/03/2016 10:10,
D,Running,"Sun, Mar 13, 2016 12:00 AM",NA,01:44:00,NA,NA,NA,947,NA,NA,13/03/2016 00:00,
D,Indoor Cycling,"Sat, Mar 12, 2016 9:04 AM",0,51:55:00,0,NA,NA,412,152,180,12/03/2016 09:04,
D,Running,"Thu, Mar 10, 2016 6:44 PM",14.27,01:10:41,04:57,03:48,154,705,170,188,10/03/2016 18:44,
D,Indoor Cycling,"Tue, Mar 8, 2016 5:53 PM",0,49:49:00,0,NA,NA,491,155,178,08/03/2016 17:53,
D,Indoor Cycling,"Sat, Mar 5, 2016 9:07 AM",0,55:02:00,0,NA,NA,495,152,180,05/03/2016 09:07,
D,Running,"Thu, Mar 3, 2016 6:37 PM",9.79,51:24:00,05:15,04:09,35,511,157,183,03/03/2016 18:37,
D,Running,"Sun, Feb 28, 2016 10:00 AM",16.12,01:12:56,04:31,03:11,79,889,176,186,28/02/2016 10:00,
D,Indoor Cycling,"Sat, Feb 27, 2016 9:08 AM",0,52:39:00,0,NA,NA,477,152,179,27/02/2016 09:08,
D,Running,"Tue, Feb 23, 2016 6:35 PM",11.33,55:07:00,04:52,03:58,122,589,161,178,23/02/2016 18:35,
D,Indoor Cycling,"Mon, Feb 22, 2016 6:27 PM",0,46:04:00,0,NA,NA,443,149,174,22/02/2016 18:27,
D,Running,"Sun, Feb 21, 2016 9:41 AM",15.38,01:25:02,05:32,01:41,345,838,156,180,21/02/2016 09:41,
D,Indoor Cycling,"Sat, Feb 20, 2016 9:04 AM",0,50:36:00,0,NA,NA,485,153,175,20/02/2016 09:04,
D,Running,"Thu, Feb 18, 2016 6:37 PM",5.19,31:52:00,06:08,03:21,41,300,149,180,18/02/2016 18:37,
D,Running,"Tue, Feb 16, 2016 6:17 PM",10.92,52:39:00,04:49,03:51,121,557,160,176,16/02/2016 18:17,
D,Indoor Cycling,"Mon, Feb 15, 2016 6:30 PM",0,40:57:00,0,NA,NA,405,152,173,15/02/2016 18:30,
D,Running,"Sun, Feb 14, 2016 9:45 AM",15.47,01:23:21,05:23,04:25,252,857,159,180,14/02/2016 09:45,
D,Indoor Cycling,"Sat, Feb 13, 2016 9:02 AM",0,55:04:00,0,NA,NA,522,159,183,13/02/2016 09:02,
D,Running,"Thu, Feb 11, 2016 6:43 PM",3.85,20:54,05:25,03:14,NA,228,NA,NA,11/02/2016 18:43,
D,Running,"Sun, Feb 7, 2016 11:14 AM",21.15,01:43:02,04:52,03:33,197,"1,304",NA,NA,07/02/2016 11:14,
D,Running,"Thu, Feb 4, 2016 6:35 PM",9.99,51:42:00,05:11,03:27,61,597,NA,NA,04/02/2016 18:35,
D,Indoor Cycling,"Mon, Feb 1, 2016 6:26 PM",0,44:59:00,0,NA,NA,430,151,175,01/02/2016 18:26,
D,Running,"Sun, Jan 31, 2016 1:54 PM",11.65,01:02:13,05:21,02:28,169,612,157,181,31/01/2016 13:54,
D,Indoor Cycling,"Sat, Jan 30, 2016 9:01 AM",0,54:54:00,0,NA,NA,540,156,182,30/01/2016 09:01,
D,Treadmill Running,"Fri, Jan 29, 2016 12:15 PM",2.7,27:14:00,10:05,07:36,NA,106,NA,NA,29/01/2016 12:15,
D,Indoor Cycling,"Mon, Jan 25, 2016 6:26 PM",0,46:29:00,0,NA,NA,0,NA,NA,25/01/2016 18:26,
D,Running,"Sun, Jan 24, 2016 9:44 AM",17.27,01:31:49,05:19,02:36,443,882,159,180,24/01/2016 09:44,
D,Indoor Cycling,"Sat, Jan 23, 2016 8:50 AM",0,01:06:37,0,NA,NA,550,144,177,23/01/2016 08:50,
D,Running,"Thu, Jan 21, 2016 6:39 PM",13.91,01:14:46,05:22,03:15,15,822,NA,NA,21/01/2016 18:39,
D,Running,"Tue, Jan 19, 2016 6:09 PM",10.83,54:04:00,05:00,03:54,118,660,NA,NA,19/01/2016 18:09,
D,Indoor Cycling,"Mon, Jan 18, 2016 6:21 PM",0,55:01:00,0,NA,NA,475,144,181,18/01/2016 18:21,
D,Running,"Sun, Jan 17, 2016 9:38 AM",13.85,01:12:57,05:16,03:21,318,742,160,182,17/01/2016 09:38,
D,Indoor Cycling,"Sat, Jan 16, 2016 9:04 AM",0,55:37:00,0,NA,NA,545,156,180,16/01/2016 09:04,
D,Running,"Thu, Jan 14, 2016 6:38 PM",9.72,57:18:00,05:54,03:13,72,562,NA,NA,14/01/2016 18:38,
D,Running,"Tue, Jan 12, 2016 6:09 PM",6.87,35:49:00,05:13,02:50,65,400,NA,NA,12/01/2016 18:09,
D,Indoor Cycling,"Mon, Jan 11, 2016 6:29 PM",0,49:17:00,0,NA,NA,0,NA,NA,11/01/2016 18:29,
D,Running,"Sun, Jan 10, 2016 8:47 AM",8.45,44:29:00,05:16,04:00,673,498,NA,NA,10/01/2016 08:47,
D,Indoor Cycling,"Sat, Jan 9, 2016 10:46 AM",0,55:53:00,0,NA,NA,567,161,183,09/01/2016 10:46,
D,Indoor Cycling,"Mon, Jan 4, 2016 6:24 PM",0,48:48:00,0,NA,NA,489,157,184,04/01/2016 18:24,
D,Treadmill Running,"Sun, Jan 3, 2016 10:06 AM",9.93,53:19:00,05:22,03:56,NA,610,NA,NA,03/01/2016 10:06,
D,Indoor Cycling,"Sat, Jan 2, 2016 9:11 AM",0,01:23:28,0,0,NA,0,NA,NA,02/01/2016 09:11,
D,Indoor Cycling,"Wed, Dec 30, 2015 6:37 PM",0,53:28:00,0,0,NA,503,154,182,30/12/2015 18:37,
D,Running,"Sun, Dec 27, 2015 2:03 PM",10.78,56:29:00,05:14,04:14,108,658,NA,NA,27/12/2015 14:03,
D,Running,"Tue, Dec 22, 2015 6:01 PM",6.72,38:46:00,05:46,03:15,55,397,NA,NA,22/12/2015 18:01,
D,Indoor Cycling,"Mon, Dec 21, 2015 6:28 PM",0,01:00:15,0,NA,NA,463,146,184,21/12/2015 18:28,
D,Indoor Cycling,"Sat, Dec 19, 2015 9:01 AM",0,56:05:00,0,NA,NA,548,157,186,19/12/2015 09:01,
D,Indoor Cycling,"Mon, Dec 14, 2015 6:29 PM",0,42:33:00,0,NA,NA,402,154,181,14/12/2015 18:29,
D,Indoor Cycling,"Sat, Dec 12, 2015 9:11 AM",0,51:07:00,0,NA,NA,0,NA,NA,12/12/2015 09:11,
D,Running,"Thu, Dec 10, 2015 6:40 PM",9.69,53:39:00,05:32,03:05,174,576,NA,NA,10/12/2015 18:40,
D,Treadmill Running,"Wed, Dec 9, 2015 6:03 PM",0.76,01:05:19,NA:NA,03:50,NA,39,NA,NA,09/12/2015 18:03,
D,Running,"Tue, Dec 8, 2015 5:59 PM",6.86,36:07:00,05:16,04:27,NA,416,NA,NA,08/12/2015 17:59,
D,Indoor Cycling,"Mon, Dec 7, 2015 6:36 PM",0,39:58:00,0,NA,NA,0,NA,NA,07/12/2015 18:36,
D,Running,"Sun, Dec 6, 2015 9:59 AM",13.02,01:08:00,05:13,03:39,109,792,NA,NA,06/12/2015 09:59,
D,Indoor Cycling,"Sat, Dec 5, 2015 9:05 AM",0,01:07:24,0,NA,NA,0,NA,NA,05/12/2015 09:05,
D,Running,"Tue, Dec 1, 2015 6:05 PM",7.12,41:43:00,05:51,03:21,31,408,NA,NA,01/12/2015 18:05,
D,Running,"Thu, Nov 26, 2015 6:37 PM",7.81,39:13:00,05:01,04:06,17,468,NA,NA,26/11/2015 18:37,
D,Walking,"Wed, Nov 25, 2015 7:03 PM",1.62,33:47:00,20:55,03:39,NA,84,NA,NA,25/11/2015 19:03,
D,Treadmill Running,"Sun, Nov 22, 2015 11:27 AM",9.51,49:38:00,05:13,03:47,NA,529,165,183,22/11/2015 11:27,
D,Indoor Cycling,"Sat, Nov 21, 2015 9:06 AM",0,55:52:00,0,NA,NA,0,NA,NA,21/11/2015 09:06,
D,Treadmill Running,"Wed, Nov 18, 2015 6:03 PM",0.82,35:49:00,43:52:00,04:10,NA,43,NA,NA,18/11/2015 18:03,
D,Running,"Tue, Nov 17, 2015 6:06 PM",6,40:41:00,06:47,03:00,53,341,NA,NA,17/11/2015 18:06,
D,Indoor Cycling,"Mon, Nov 9, 2015 6:31 PM",0,44:48:00,0,NA,NA,0,NA,NA,09/11/2015 18:31,
D,Running,"Sun, Nov 1, 2015 10:18 AM",42.62,03:52:47,05:28,01:40,157,"2,599",NA,NA,01/11/2015 10:18,
D,Indoor Cycling,"Sat, Oct 24, 2015 8:12 AM",0,47:45:00,0,NA,NA,0,NA,NA,24/10/2015 08:12,
D,Running,"Tue, Oct 20, 2015 6:04 PM",8.34,46:05:00,05:31,04:11,34,502,NA,NA,20/10/2015 18:04,
D,Running,"Fri, Oct 9, 2015 1:18 PM",32.27,02:42:50,05:03,03:37,108,"1,959",NA,NA,09/10/2015 13:18,
D,Running,"Tue, Oct 6, 2015 6:08 PM",7.16,40:07:00,05:36,03:04,53,425,NA,NA,06/10/2015 18:08,
D,Indoor Cycling,"Mon, Oct 5, 2015 5:29 PM",0,01:00:48,0,NA,NA,381,127,178,05/10/2015 17:29,
D,Running,"Thu, Oct 1, 2015 5:48 PM",10.48,53:11:00,05:04,04:16,65,632,NA,NA,01/10/2015 17:48,
D,Running,"Wed, Sep 30, 2015 7:02 PM",8.68,58:47:00,06:46,02:43,45,492,NA,NA,30/09/2015 19:02,
D,Treadmill Running,"Tue, Sep 29, 2015 5:16 PM",18.04,01:40:53,05:36,02:56,NA,851,144,191,29/09/2015 17:16,
D,Indoor Cycling,"Mon, Sep 28, 2015 5:30 PM",0,52:03:00,0,NA,NA,394,139,180,28/09/2015 17:30,
D,Indoor Cycling,"Sat, Sep 26, 2015 8:06 AM",0,52:40:00,0,NA,NA,485,149,177,26/09/2015 08:06,
D,Running,"Fri, Sep 25, 2015 5:49 PM",5.71,29:31:00,05:10,04:16,100,343,NA,NA,25/09/2015 17:49,
D,Running,"Fri, Sep 25, 2015 4:13 PM",18.96,01:31:32,04:50,04:06,345,"1,157",NA,NA,25/09/2015 16:13,
D,Indoor Cycling,"Mon, Sep 21, 2015 5:29 PM",0,45:04:00,0,NA,NA,0,NA,NA,21/09/2015 17:29,
D,Running,"Sat, Sep 19, 2015 8:13 AM",10.59,49:06:00,04:38,03:59,197,639,NA,NA,19/09/2015 08:13,
D,Running,"Tue, Sep 15, 2015 6:01 PM",8.63,51:02:00,05:55,04:35,222,502,NA,NA,15/09/2015 18:01,
D,Running,"Sun, Sep 13, 2015 9:34 AM",21.27,01:38:39,04:38,03:19,531,"1,308",NA,NA,13/09/2015 09:34,
D,Running,"Fri, Sep 11, 2015 3:07 PM",13.56,01:04:04,04:43,02:51,346,825,NA,NA,11/09/2015 15:07,
D,Running,"Tue, Sep 8, 2015 6:07 PM",8.56,48:24:00,05:39,04:10,243,517,NA,NA,08/09/2015 18:07,
D,Running,"Sun, Sep 6, 2015 8:26 AM",22.56,01:50:35,04:54,04:21,449,"1,372",NA,NA,06/09/2015 08:26,
D,Running,"Wed, Sep 2, 2015 6:14 PM",11.92,56:05:00,04:42,03:41,290,722,NA,NA,02/09/2015 18:14,
D,Running,"Mon, Aug 31, 2015 10:51 AM",12.57,01:08:36,05:27,03:14,415,706,NA,NA,31/08/2015 10:51,
D,Running,"Mon, Aug 31, 2015 9:16 AM",16.55,01:27:43,05:18,02:33,524,980,NA,NA,31/08/2015 09:16,
D,Running,"Sat, Aug 29, 2015 9:46 AM",24.15,02:01:35,05:02,03:01,817,"1,467",NA,NA,29/08/2015 09:46,
D,Running,"Wed, Aug 26, 2015 7:06 PM",11.81,55:01:00,04:40,03:18,394,631,170,189,26/08/2015 19:06,
D,Treadmill Running,"Tue, Aug 25, 2015 6:27 PM",9.87,46:17:00,04:41,04:08,NA,611,NA,NA,25/08/2015 18:27,
D,Running,"Sun, Aug 23, 2015 3:15 PM",16.72,01:25:03,05:05,03:35,295,"1,005",NA,NA,23/08/2015 15:15,
D,Running,"Fri, Aug 21, 2015 6:54 PM",6.64,31:17:00,04:43,04:06,208,405,NA,NA,21/08/2015 18:54,
D,Running,"Thu, Aug 20, 2015 6:44 PM",11.93,56:34:00,04:44,03:33,372,729,NA,NA,20/08/2015 18:44,
D,Running,"Tue, Aug 18, 2015 6:01 PM",11.94,01:08:58,05:47,03:06,258,716,NA,NA,18/08/2015 18:01,
D,Treadmill Running,"Mon, Aug 17, 2015 6:05 PM",5.25,35:20:00,06:44,02:58,NA,322,NA,NA,17/08/2015 18:05,
D,Running,"Sat, Aug 15, 2015 8:56 AM",12.89,01:01:57,04:48,03:50,251,797,NA,NA,15/08/2015 08:56,
D,Running,"Thu, Aug 13, 2015 8:06 PM",10.36,50:33:00,04:53,04:02,251,628,NA,NA,13/08/2015 20:06,
D,Running,"Tue, Aug 11, 2015 6:04 PM",8.16,38:41:00,04:44,02:47,161,498,NA,NA,11/08/2015 18:04,
D,Running,"Mon, Aug 10, 2015 6:04 PM",6.31,29:54:00,04:44,03:34,NA,389,NA,NA,10/08/2015 18:04,
D,Running,"Sat, Aug 8, 2015 10:12 AM",19.4,01:42:13,05:16,03:47,753,"1,175",NA,NA,08/08/2015 10:12,
D,Running,"Sat, Aug 1, 2015 11:25 AM",9.21,48:23:00,05:15,03:25,150,561,NA,NA,01/08/2015 11:25,
D,Running,"Sun, Jul 19, 2015 9:09 AM",18.65,01:32:13,04:57,03:46,359,"1,144",NA,NA,19/07/2015 09:09,
D,Cycling,"Wed, Jul 15, 2015 4:50 PM",68.05,02:52:59,23.6,53.2,709,"1,316",147,176,15/07/2015 16:50,
D,Treadmill Running,"Tue, Jul 14, 2015 6:51 PM",5.37,24:18:00,04:31,03:50,NA,260,162,179,14/07/2015 18:51,
D,Indoor Cycling,"Mon, Jul 13, 2015 5:31 PM",0,39:38:00,0,NA,NA,428,162,178,13/07/2015 17:31,
D,Running,"Sat, Jul 11, 2015 7:55 AM",16.11,01:18:08,04:51,04:07,235,796,163,179,11/07/2015 07:55,
D,Cycling,"Wed, Jul 8, 2015 4:41 PM",70.91,03:05:30,22.9,55.9,751,"1,970",NA,NA,08/07/2015 16:41,
D,Running,"Tue, Jul 7, 2015 6:05 PM",8.05,42:38:00,05:18,03:18,200,465,NA,NA,07/07/2015 18:05,
D,Cycling,"Wed, Jul 1, 2015 4:34 PM",66.59,02:41:44,24.7,52.2,640,"1,859",NA,NA,01/07/2015 16:34,
D,Cycling,"Wed, Jun 17, 2015 5:48 PM",98.55,03:56:07,25,51.4,968,"2,778",NA,NA,17/06/2015 17:48,
D,Cycling,"Sun, Jun 7, 2015 7:54 AM",153.93,06:49:30,22.6,54.2,"2,187","4,628",NA,NA,07/06/2015 07:54,
D,Cycling,"Tue, May 26, 2015 1:33 PM",47.77,02:26:14,19.6,41.6,944,"1,477",NA,NA,26/05/2015 13:33,
D,Cycling,"Tue, May 26, 2015 1:33 PM",47.77,02:26:14,19.6,41.6,944,"1,477",NA,NA,26/05/2015 13:33,
D,Cycling,"Mon, May 25, 2015 5:31 PM",17.88,58:40:00,18.3,36.6,373,556,NA,NA,25/05/2015 17:31,
D,Cycling,"Sun, May 17, 2015 8:35 AM",160.95,06:53:19,23.4,63.6,"1,800","4,582",NA,NA,17/05/2015 08:35,
D,Cycling,"Sun, May 17, 2015 8:35 AM",160.95,06:53:19,23.4,63.6,"1,800","4,582",NA,NA,17/05/2015 08:35,
D,Cycling,"Wed, May 13, 2015 5:44 PM",73.36,02:49:02,26,53.9,629,"2,066",NA,NA,13/05/2015 17:44,
D,Cycling,"Sun, May 10, 2015 10:30 AM",63.29,03:10:22,19.9,45.7,678,"1,647",NA,NA,10/05/2015 10:30,
D,Cycling,"Sun, May 3, 2015 8:20 AM",128.26,05:43:44,22.4,58.1,"1,836","3,877",NA,NA,03/05/2015 08:20,
D,Cycling,"Sun, May 3, 2015 8:20 AM",128.26,05:43:44,22.4,58.1,"1,836","3,877",NA,NA,03/05/2015 08:20,
D,Cycling,"Sat, Aug 9, 2014 7:42 AM",154.65,07:52:15,19.6,64.1,"3,075","5,014",NA,NA,09/08/2014 07:42,
D,Cycling,"Sat, Aug 9, 2014 7:42 AM",154.65,07:52:15,19.6,64.1,"3,075","5,014",NA,NA,09/08/2014 07:42,
D,Cycling,"Thu, Jul 31, 2014 5:24 PM",53.76,02:03:11,26.2,61.5,540,"1,579",NA,NA,31/07/2014 17:24,
D,Cycling,"Sat, Jul 26, 2014 8:22 AM",56.42,02:17:42,24.6,54.8,484,"1,545",NA,NA,26/07/2014 08:22,
D,Cycling,"Fri, Jul 25, 2014 2:44 PM",67.64,02:35:27,26.1,57.4,642,"1,947",NA,NA,25/07/2014 14:44,
D,Cycling,"Mon, Jul 21, 2014 5:47 PM",47.44,01:49:18,26,56.6,355,"1,318",NA,NA,21/07/2014 17:47,
D,Cycling,"Tue, Jul 15, 2014 5:22 PM",40.65,02:09:36,18.8,58.5,322,968,NA,NA,15/07/2014 17:22,
D,Cycling,"Thu, Jul 10, 2014 6:54 PM",30.56,01:16:12,24.1,50,238,813,NA,NA,10/07/2014 18:54,
D,Cycling,"Thu, Jul 10, 2014 6:40 PM",4.13,09:47,25.3,45.7,38,121,NA,NA,10/07/2014 18:40,
D,Cycling,"Mon, Jul 7, 2014 5:06 PM",60.76,02:27:24,24.7,63.8,543,"1,718",NA,NA,07/07/2014 17:06,
D,Cycling,"Sat, Jun 14, 2014 11:39 AM",84.41,04:30:29,18.7,56.1,"1,397","2,521",NA,NA,14/06/2014 11:39,
D,Cycling,"Sat, Jun 14, 2014 11:39 AM",84.41,04:30:29,18.7,56.1,"1,397","2,521",NA,NA,14/06/2014 11:39,
D,Cycling,"Sat, Jun 14, 2014 10:55 AM",6.73,25:53:00,15.6,45.7,71,177,NA,NA,14/06/2014 10:55,
D,Cycling,"Sat, Jun 14, 2014 10:55 AM",6.73,25:53:00,15.6,45.7,71,177,NA,NA,14/06/2014 10:55,
D,Cycling,"Sun, May 4, 2014 7:25 AM",171.86,08:44:00,19.7,57.6,"2,631","5,424",NA,NA,04/05/2014 07:25,
D,Road Cycling,"Thu, May 1, 2014 11:18 AM",169.71,07:01:11,24.2,26,"1,877",NA,NA,NA,01/05/2014 11:18,
D,Cycling,"Sun, Apr 13, 2014 2:03 PM",32.04,01:48:03,17.8,46.7,246,876,NA,NA,13/04/2014 14:03,
D,Cycling,"Sun, Apr 13, 2014 1:28 PM",8.5,29:37:00,17.2,39.2,89,221,NA,NA,13/04/2014 13:28,
D,Cycling,"Sun, Aug 25, 2013 5:02 PM",40.91,02:17:29,17.9,42.1,194,898,NA,NA,25/08/2013 17:02,
D,Cycling,"Sun, Aug 25, 2013 1:25 PM",57.78,03:35:01,16.1,43.2,159,"1,332",NA,NA,25/08/2013 13:25,
D,Cycling,"Sun, Aug 25, 2013 10:55 AM",47.17,02:28:38,19,56.8,352,"1,267",NA,NA,25/08/2013 10:55,
D,Cycling,"Sun, Jul 21, 2013 12:55 PM",91.34,09:05:25,10,51.8,"1,143","2,095",97,171,21/07/2013 12:55,
D,Cycling,"Mon, Jul 15, 2013 6:40 PM",51.2,02:17:06,22.4,42,182,"1,268",NA,NA,15/07/2013 18:40,
D,Cycling,"Sat, Jul 13, 2013 1:35 PM",3.05,11:10,16.4,37.5,8,48,104,128,13/07/2013 13:35,
D,Cycling,"Sun, Jul 7, 2013 10:50 AM",104.53,06:04:30,17.2,54.6,"1,289","1,987",133,173,07/07/2013 10:50,
D,Cycling,"Fri, Jul 5, 2013 4:31 PM",89.02,05:20:56,16.6,45.8,950,"1,791",119,165,05/07/2013 16:31,
D,Cycling,"Sun, Jun 30, 2013 10:05 AM",75.08,04:29:41,16.7,51.6,993,"1,473",129,201,30/06/2013 10:05,
